id,address
55,札幌市中央区北2条東17丁目2番地
57,札幌市西区二十四軒2条7丁目1番26号
58,札幌市北区麻生町2丁目2-7 中川ビル2階
60,札幌市中央区大通西7丁目2番地2 アセットプランニング大通ビル 4F
61,札幌市中央区宮の森4条1丁目1-35
62,札幌市白石区菊水9条4-3-3
63,愛知県名古屋市中区丸の内二丁目9番40号
64,札幌市中央区大通西3丁目7番地
65,札幌市中央区北五条西6-2 札幌センタービル6階
66,愛知県名古屋市中区栄3-27-1
67,大阪府高槻市緑町21-3
68,札幌市中央区北4条西5丁目 アスティ45 14F
69,札幌市中央区北3条西7丁目
70,札幌市中央区中島公園1番5号 札幌市中島体育センター内
71,札幌市中央区大通西17丁目1番地23
72,札幌市豊平区月寒東2条18丁目7番20号
73,東京都中央区京橋二丁目16番1号
74,札幌市北区北34条西4丁目1番11号 トーア札幌ビル
75,札幌市中央区大通西3-6
76,札幌市中央区北五条西2-1 札幌 ESTA JRタワー
77,三重県四日市市富士町1-122
78,札幌市清田区清田一条一丁目2番1号
79,札幌市中央区南1条西2丁目
80,札幌市中央区北4条西1丁目1番地
81,札幌市中央区北4条西1丁目3番地
82,東京都千代⽥区平河町⼆丁⽬7番9号
83,札幌市中央区北4条西1丁目1番地 北農ビル9階
84,札幌市豊平区豊平4条1丁目1-1
85,東京都品川区大崎一丁目11番2号
86,札幌市北区太平3条1丁目2番18号
87,札幌市中央区南1条西8丁目11-1
88,札幌市東区北7条東9丁目2-10
89,東京都渋谷区恵比寿1-23-23 恵比寿スクエア6F
91,札幌市中央区北1条西2丁目 北海道経済センタービル6F
92,東京都港区東新橋1丁目9番3号
93,小樽市稲穂1-3-6 サンモール1番街
94,札幌市中央区南2条西1丁目3番地
95,
96,札幌市中央区北4条西1丁目1番地 北農ビル12階
97,札幌市中央区北1条西5丁目3-10
99,札幌市東区北11条東6丁目
100,札幌市東区栄町699番地1-2
101,東京都港区芝3-8-2 芝公園ファーストビル
102,旭川市4条通19丁目右6号
103,札幌市中央区北一条西6丁目1-2 アーバンネット札幌ビル
104,江別市篠津183番地
105,札幌市中央区北4条西4丁目1番地 伊藤・加藤ビル6F
106,東京都江東区有明3丁目7番18号 有明セントラルタワー 10階
107,札幌市中央区大通西3丁目4番地 明治安田生命札幌大通ビル5F
108,東京都港区芝浦一丁目6-38
109,札幌市手稲区富丘3条2丁目10-43
110,札幌市白石区米里2条2丁目3番27号
111,札幌市白石区流通センター7丁目8番21号
112,札幌市中央区南3条東4丁目1-20
113,札幌市中央区南3条西13丁目320番地 草別ビル4F
114,札幌市中央区北4条西2-1
115,東京都千代田区大手町二丁目3番1号
116,札幌市豊平区西岡3条6丁目8-1
117,
118,神奈川県平塚市豊原町9-10-1
119,帯広市西23条北1丁目1番1号
120,札幌市中央区南7条西4-424-10
121,札幌市厚別区厚別中央2条5丁目
122,札幌市北区北7条西7丁目1-30 リッチ7・7ビル 2階
123,札幌市西区山の手6条1丁目3-1
124,札幌市清田区清田4条1丁目4番1号
125,札幌市東区北14条東15丁目3-5 STビル4F
126,札幌市白石区菊水元町7条2丁目3番20号-102
127,札幌市中央区南3条東4丁目1-24
128,東京都千代田区二番町9番3号 THE BASE 麹町
129,札幌市中央区北2条西4丁目1番地
130,札幌市東区北49条東16丁目8番1号
131,静岡県島田市島663-3
132,札幌市北区北9条西2丁目12番1号 SANKO札幌駅前ビル
133,札幌市白石区本郷通1丁目北1番15号
134,東京都中央区築地5-3-2
135,大阪府大阪市北区梅田1-3-1-100
136,東京都渋谷区神宮前6丁目19-13
137,長野県長野市大字鶴賀字上千歳町1139
138,
139,札幌市中央区北5条西2丁目5 JRタワーオフィスプラザさっぽろ 17F
140,東京都千代田区神田練塀町3番地
141,札幌市西区西町北18丁目1番1号
143,札幌市東区北42条東15丁目1-1 栄町ビル6F
144,札幌市東区北6条東4丁目1番地7 de AUNEさっぽろビル7階
145,札幌市北区新琴似1条3丁目2-16
146,札幌市東区北10条東16丁目1-17
147,札幌市中央区南7条西1
148,札幌市東区北12条東14丁目3-24
149,札幌市中央区北2条東4丁目
150,東京都千代田区大手町一丁目7番2号
151,札幌市中央区北5条西8丁目1-1
152,大阪市中央区博労町4-6-10
155,札幌市清田区平岡公園東1丁目12-5
156,東京都新宿区西新宿六丁目13番1号 新宿セントラルパークビル
158,札幌市中央区大通西14丁目3-17
163,東京都中央区銀座6-10-1 GINZA SIX 11F
164,札幌市中央区北11条西15丁目1-1
165,札幌市豊平区豊平1条11丁目1-18
166,札幌市東区北19条東1丁目2番20号
167,札幌市中央区南1条西5丁目16 プレジデント松井ビル100 3F
171,札幌市中央区南2条西6丁目13番地1
172,札幌市清田区美しが丘1条8丁目1番1号
173,東京都港区南青山2-27-25 ヒューリック南青山ビル3F
174,斜里郡斜里町ウトロ東172番地
175,北海道札幌市北区新琴似3条3丁目7-16
